{
  "uuid": "a9c30feb-3a3d-3675-9e49-ab609e728f03",
  "starterPrompted": true,
  "starterLocked": false,
  "starterSelected": true,
  "starterUUID": "e38e63e7-450f-4178-8f54-d8e27320dd1c",
  "keyItems": [],
  "battleTheme": "cobblemon:battle.pvp.default",
  "extraData": {},
  "advancementData": {
    "totalCaptureCount": 5,
    "totalEggsCollected": 0,
    "totalEggsHatched": 0,
    "totalEvolvedCount": 1,
    "totalBattleVictoryCount": 32,
    "totalPvPBattleVictoryCount": 0,
    "totalPvWBattleVictoryCount": 25,
    "totalPvNBattleVictoryCount": 7,
    "totalShinyCaptureCount": 1,
    "totalTradedCount": 0,
    "totalTypeCaptureCounts": {
      "normal": 1,
      "ghost": 1,
      "poison": 1,
      "water": 1,
      "flying": 2,
      "dragon": 2
    },
    "totalDefeatedCounts": {
      "cobblemon:skitty": 3,
      "cobblemon:hoppip": 1,
      "cobblemon:corphish": 1,
      "cobblemon:ledyba": 1,
      "cobblemon:diggersby": 1,
      "cobblemon:smoliv": 2,
      "cobblemon:sentret": 1,
      "cobblemon:glameow": 1,
      "cobblemon:geodude": 1,
      "cobblemon:haunter": 1,
      "cobblemon:gastly": 1,
      "cobblemon:zoroark": 1,
      "cobblemon:bouffalant": 1,
      "cobblemon:castform": 1,
      "cobblemon:taillow": 1,
      "cobblemon:mareep": 1,
      "cobblemon:lechonk": 1
    },
    "aspectsCollected": {
      "cobblemon:zangoose": [
        "shiny",
        "female"
      ],
      "cobblemon:combusken": [
        "male"
      ],
      "cobblemon:gastly": [
        "female"
      ],
      "cobblemon:corphish": [
        "male"
      ],
      "cobblemon:noibat": [
        "female"
      ]
    }
  }
}