{
  "uuid": "add44a73-3312-31f1-9c4e-840b7ada4491",
  "starterPrompted": true,
  "starterLocked": false,
  "starterSelected": true,
  "starterUUID": "e91ec814-d401-4fa4-b5ed-8db7e5b15046",
  "keyItems": [],
  "battleTheme": "cobblemon:battle.pvp.default",
  "extraData": {},
  "advancementData": {
    "totalCaptureCount": 53,
    "totalEggsCollected": 0,
    "totalEggsHatched": 0,
    "totalEvolvedCount": 16,
    "totalBattleVictoryCount": 96,
    "totalPvPBattleVictoryCount": 1,
    "totalPvWBattleVictoryCount": 93,
    "totalPvNBattleVictoryCount": 2,
    "totalShinyCaptureCount": 3,
    "totalTradedCount": 2,
    "totalTypeCaptureCounts": {
      "psychic": 2,
      "water": 13,
      "normal": 12,
      "grass": 8,
      "flying": 2,
      "fighting": 5,
      "dark": 2,
      "ground": 7,
      "fire": 3,
      "electric": 3,
      "poison": 2,
      "ghost": 1
    },
    "totalDefeatedCounts": {
      "cobblemon:spoink": 1,
      "cobblemon:sentret": 1,
      "cobblemon:hoppip": 1,
      "cobblemon:gimmighoul": 1,
      "cobblemon:houndour": 1,
      "cobblemon:squirtle": 1,
      "cobblemon:cyndaquil": 1,
      "cobblemon:rhyhorn": 1,
      "cobblemon:blitzle": 1,
      "cobblemon:ekans": 1,
      "cobblemon:dodrio": 2,
      "cobblemon:swoobat": 1,
      "cobblemon:galvantula": 4,
      "cobblemon:tadbulb": 1,
      "cobblemon:skitty": 1,
      "cobblemon:snubbull": 1,
      "cobblemon:grimer": 1,
      "cobblemon:gumshoos": 1,
      "cobblemon:naclstack": 1,
      "cobblemon:camerupt": 1,
      "cobblemon:klawf": 1,
      "cobblemon:arbok": 1,
      "cobblemon:revavroom": 2,
      "cobblemon:arcanine": 1,
      "cobblemon:crustle": 1,
      "cobblemon:voltorb": 1,
      "cobblemon:cacnea": 1,
      "cobblemon:sandslash": 1,
      "cobblemon:granbull": 2,
      "cobblemon:durant": 1,
      "cobblemon:fearow": 1,
      "cobblemon:furret": 1,
      "cobblemon:weepinbell": 1,
      "cobblemon:pyroar": 1,
      "cobblemon:pancham": 1
    },
    "aspectsCollected": {
      "cobblemon:abra": [
        "female"
      ],
      "cobblemon:poliwag": [
        "female"
      ],
      "cobblemon:eevee": [
        "male"
      ],
      "cobblemon:psyduck": [
        "female"
      ],
      "cobblemon:rowlet": [
        "male"
      ],
      "cobblemon:dartrix": [
        "male"
      ],
      "cobblemon:staryu": [
        "genderless"
      ],
      "cobblemon:pichu": [
        "female"
      ],
      "cobblemon:ditto": [
        "genderless"
      ],
      "cobblemon:smoliv": [
        "shiny",
        "female"
      ],
      "cobblemon:drowzee": [
        "female"
      ],
      "cobblemon:timburr": [
        "male"
      ],
      "cobblemon:frogadier": [
        "male"
      ],
      "cobblemon:magikarp": [
        "male",
        "gyarados-eye-color-red"
      ],
      "cobblemon:corphish": [
        "female"
      ],
      "cobblemon:crawdaunt": [
        "female"
      ],
      "cobblemon:drilbur": [
        "female",
        "male"
      ],
      "cobblemon:scorbunny": [
        "male"
      ],
      "cobblemon:raboot": [
        "male"
      ],
      "cobblemon:lillipup": [
        "female",
        "male"
      ],
      "cobblemon:chewtle": [
        "female"
      ],
      "cobblemon:electrike": [
        "female"
      ],
      "cobblemon:pikachu": [
        "female",
        "cosplay"
      ],
      "cobblemon:weezing": [
        "male"
      ],
      "cobblemon:dewott": [
        "male",
        "region-bias-hisui"
      ],
      "cobblemon:manaphy": [
        "genderless"
      ],
      "cobblemon:remoraid": [
        "shiny",
        "male"
      ],
      "cobblemon:herdier": [
        "female"
      ],
      "cobblemon:donphan": [
        "female"
      ],
      "cobblemon:skitty": [
        "shiny",
        "female"
      ],
      "cobblemon:poliwhirl": [
        "female"
      ],
      "cobblemon:shinx": [
        "female"
      ],
      "cobblemon:luxio": [
        "female"
      ],
      "cobblemon:dolliv": [
        "shiny",
        "female"
      ],
      "cobblemon:kadabra": [
        "female"
      ],
      "cobblemon:kangaskhan": [
        "female"
      ],
      "cobblemon:stoutland": [
        "female"
      ],
      "cobblemon:cubone": [
        "male"
      ],
      "cobblemon:excadrill": [
        "female"
      ],
      "cobblemon:decidueye": [
        "male"
      ],
      "cobblemon:cinderace": [
        "male"
      ],
      "cobblemon:marowak": [
        "male"
      ],
      "cobblemon:snivy": [
        "male"
      ],
      "cobblemon:servine": [
        "male"
      ],
      "cobblemon:pancham": [
        "female",
        "male"
      ],
      "cobblemon:pangoro": [
        "female"
      ],
      "cobblemon:phantump": [
        "male"
      ],
      "cobblemon:shroomish": [
        "male"
      ],
      "cobblemon:breloom": [
        "male"
      ],
      "cobblemon:pansear": [
        "male"
      ],
      "cobblemon:luxray": [
        "female"
      ],
      "cobblemon:sobble": [
        "male"
      ],
      "cobblemon:grafaiai": [
        "female"
      ],
      "cobblemon:bounsweet": [
        "female"
      ]
    }
  }
}