{
  "uuid": "759299ee-9068-3fda-b629-27e29139b67e",
  "starterPrompted": true,
  "starterLocked": false,
  "starterSelected": true,
  "starterUUID": "dc4de8e8-a1ab-4792-b2bc-94970ac41cab",
  "keyItems": [],
  "battleTheme": "cobblemon:battle.pvp.default",
  "extraData": {},
  "advancementData": {
    "totalCaptureCount": 4,
    "totalEggsCollected": 0,
    "totalEggsHatched": 0,
    "totalEvolvedCount": 2,
    "totalBattleVictoryCount": 4,
    "totalPvPBattleVictoryCount": 0,
    "totalPvWBattleVictoryCount": 4,
    "totalPvNBattleVictoryCount": 0,
    "totalShinyCaptureCount": 0,
    "totalTradedCount": 0,
    "totalTypeCaptureCounts": {
      "grass": 1,
      "normal": 2,
      "electric": 1,
      "water": 1
    },
    "totalDefeatedCounts": {},
    "aspectsCollected": {
      "cobblemon:dolliv": [
        "female"
      ],
      "cobblemon:eevee": [
        "male"
      ],
      "cobblemon:voltorb": [
        "genderless"
      ],
      "cobblemon:charmeleon": [
        "female"
      ],
      "cobblemon:buizel": [
        "female"
      ],
      "cobblemon:floatzel": [
        "female"
      ]
    }
  }
}