{"stats":{"minecraft:used":{"minecraft:water_bucket":14,"minecraft:white_carpet":1,"minecraft:written_book":4,"minecraft:bucket":14},"minecraft:dropped":{"minecraft:water_bucket":1,"minecraft:wheat_seeds":6,"cobblecuisine:bean_seeds":6,"minecraft:cooked_beef":3,"minecraft:stone_button":4,"minecraft:music_disc_otherside":1,"cobblemon:poke_ball":1,"minecraft:cooked_porkchop":2,"cobblemon:belue_berry":1,"minecraft:wheat":1,"cobblemon:cheri_berry":1,"minecraft:chicken":1,"minecraft:written_book":1,"rctmod:trainer_card":1},"minecraft:picked_up":{"cobblemon:azure_ball":1,"minecraft:cooked_beef":3,"minecraft:wheat":1,"minecraft:chicken":1,"minecraft:cooked_porkchop":2,"minecraft:water_bucket":1,"cobblecuisine:bean_seeds":6,"cobblemon:payapa_berry":1,"cobblemon:cheri_berry":19,"rctmod:trainer_card":1,"cobblemon:persim_berry":2,"cobblemon:bluk_berry":3,"cobblemon:sitrus_berry":2,"minecraft:stone_button":4,"minecraft:white_carpet":1,"cobblemon:poke_ball":3,"minecraft:wheat_seeds":6,"minecraft:music_disc_otherside":5,"cobblemon:rindo_berry":3,"cobblemon:coba_berry":2,"cobblemon:belue_berry":1},"minecraft:custom":{"minecraft:time_since_rest":63947,"minecraft:interact_with_furnace":1,"minecraft:sprint_one_cm":181075,"minecraft:damage_taken":12745,"minecraft:walk_one_cm":67194,"minecraft:drop":20,"minecraft:damage_dealt":116,"minecraft:play_record":5,"minecraft:swim_one_cm":35469,"minecraft:talked_to_villager":2,"minecraft:fly_one_cm":250397,"minecraft:open_barrel":53,"minecraft:open_chest":8,"minecraft:crouch_one_cm":4693,"minecraft:play_time":63947,"minecraft:sneak_time":1654,"minecraft:walk_under_water_one_cm":2836,"minecraft:jump":1087,"minecraft:leave_game":2,"minecraft:time_since_death":63947,"minecraft:walk_on_water_one_cm":12937,"minecraft:total_world_time":63947,"minecraft:climb_one_cm":2697,"minecraft:fall_one_cm":33884},"minecraft:mined":{"minecraft:tall_seagrass":1,"minecraft:short_grass":2,"minecraft:tall_grass":2}},"DataVersion":3955}