{"stats":{"minecraft:used":{"minecraft:cherry_sapling":1,"minecraft:stone_pickaxe":131,"minecraft:wooden_pickaxe":29,"minecraft:iron_chestplate":1,"minecraft:torch":64,"minecraft:dirt":15,"minecraft:crafting_table":7,"minecraft:blast_furnace":1,"minecraft:granite":1,"minecraft:wooden_axe":2,"minecraft:lantern":1,"minecraft:iron_pickaxe":257,"minecraft:stone_axe":24,"cobblemon:red_apricorn_seed":1,"minecraft:cobblestone":81,"minecraft:written_book":2,"minecraft:furnace":2,"minecraft:cobbled_deepslate":7,"minecraft:smooth_stone":1},"minecraft:dropped":{"minecraft:gravel":20,"minecraft:wheat_seeds":1,"minecraft:cobbled_deepslate":1,"minecraft:cobblestone":8,"minecraft:granite":15,"minecraft:dirt":15,"cobblecuisine:bean_seeds":7,"minecraft:diorite":6,"minecraft:wooden_axe":1,"minecraft:andesite":1,"cobblemon:revival_herb":1,"minecraft:beef":1,"minecraft:wooden_pickaxe":2,"minecraft:iron_pickaxe":2,"minecraft:written_book":1,"minecraft:bone":1},"minecraft:broken":{"minecraft:stone_pickaxe":1,"minecraft:iron_pickaxe":1},"minecraft:crafted":{"minecraft:oak_planks":24,"minecraft:crafting_table":1,"minecraft:wooden_pickaxe":1,"minecraft:iron_helmet":1,"minecraft:furnace":2,"minecraft:blast_furnace":1,"minecraft:copper_ingot":156,"minecraft:stone_axe":1,"minecraft:bread":57,"minecraft:air":0,"cobblemon:poke_ball":4,"minecraft:iron_chestplate":1,"minecraft:iron_boots":1,"minecraft:stick":12,"minecraft:iron_ingot":104,"minecraft:iron_pickaxe":1,"minecraft:stone_pickaxe":1,"minecraft:wooden_axe":1,"minecraft:gold_ingot":16,"minecraft:iron_leggings":1,"cobblemon:ultra_ball":8,"minecraft:wheat":171},"minecraft:picked_up":{"minecraft:crafting_table":7,"cobblemon:great_ball":3,"minecraft:anvil":2,"minecraft:andesite":1,"cobblemon:red_apricorn":13,"minecraft:wooden_pickaxe":1,"tmcraft:tm_headbutt":1,"badgebox:badgesbox_ribbon":1,"minecraft:oak_log":6,"minecraft:raw_copper":159,"minecraft:lapis_lazuli":59,"minecraft:dirt":30,"minecraft:lantern":1,"minecraft:bone":1,"minecraft:wheat_seeds":1,"minecraft:cobbled_deepslate":8,"minecraft:smooth_stone":4,"minecraft:raw_gold":16,"minecraft:beef":1,"minecraft:iron_pickaxe":2,"cobblemon:moon_stone":2,"minecraft:furnace":2,"cobblemon:red_apricorn_seed":1,"minecraft:raw_iron":133,"cobblecuisine:bean_seeds":7,"minecraft:torch":61,"minecraft:gravel":20,"tmcraft:tm_rockslide":1,"minecraft:blast_furnace":1,"minecraft:diorite":6,"cobblemon:citrine_ball":2,"minecraft:diamond":3,"cobbleversebadges:kanto_boulder_badge":1,"minecraft:hay_block":19,"minecraft:granite":16,"tmcraft:tm_rocktomb":1,"minecraft:coal":44,"minecraft:cobblestone":153},"minecraft:custom":{"minecraft:interact_with_furnace":59,"minecraft:interact_with_crafting_table":29,"minecraft:open_barrel":83,"minecraft:pot_flower":1,"minecraft:interact_with_stonecutter":1,"minecraft:leave_game":2,"minecraft:time_since_death":109126,"minecraft:climb_one_cm":1032,"minecraft:time_since_rest":109164,"minecraft:sprint_one_cm":582136,"minecraft:open_enderchest":1,"minecraft:damage_taken":2557,"minecraft:walk_one_cm":300558,"minecraft:drop":25,"minecraft:damage_dealt":947,"minecraft:talked_to_villager":5,"minecraft:swim_one_cm":44238,"minecraft:fly_one_cm":689631,"minecraft:open_chest":27,"minecraft:crouch_one_cm":11842,"minecraft:play_time":272067,"minecraft:deaths":2,"minecraft:sneak_time":6438,"minecraft:walk_under_water_one_cm":12547,"minecraft:jump":2876,"minecraft:interact_with_blast_furnace":15,"minecraft:walk_on_water_one_cm":16103,"minecraft:total_world_time":272067,"minecraft:fall_one_cm":95429},"minecraft:mined":{"minecraft:deepslate_diamond_ore":3,"minecraft:crafting_table":7,"minecraft:torch":9,"minecraft:granite":16,"minecraft:short_grass":11,"minecraft:blast_furnace":1,"minecraft:grass_block":6,"minecraft:copper_ore":45,"minecraft:cobblestone":5,"minecraft:lapis_ore":4,"minecraft:deepslate_gold_ore":16,"cobblemon:dripstone_moon_stone_ore":1,"minecraft:diorite":6,"minecraft:wall_torch":2,"minecraft:hay_block":19,"minecraft:smooth_stone":4,"minecraft:furnace":2,"minecraft:iron_ore":59,"minecraft:andesite":1,"minecraft:deepslate_lapis_ore":6,"minecraft:anvil":2,"cobblemon:deepslate_moon_stone_ore":1,"minecraft:coal_ore":16,"minecraft:oak_log":6,"minecraft:deepslate_iron_ore":46,"minecraft:gravel":6,"minecraft:dirt":20,"minecraft:stone":158,"minecraft:oak_leaves":3,"minecraft:deepslate":8}},"DataVersion":3955}