{"stats":{"minecraft:used":{"minecraft:red_sand":1,"minecraft:ladder":1,"minecraft:iron_chestplate":1,"minecraft:torch":1,"minecraft:dirt":4,"lumymon:kanto_cartography_table":1,"minecraft:tuff":12,"minecraft:dark_oak_planks":19,"minecraft:lantern":9,"minecraft:written_book":1,"minecraft:furnace":8,"minecraft:cobbled_deepslate":32,"minecraft:water_bucket":64,"minecraft:jungle_fence":1,"minecraft:stone_pickaxe":98,"minecraft:oak_planks":9,"minecraft:wooden_pickaxe":23,"minecraft:glow_berries":1,"minecraft:yellow_terracotta":23,"minecraft:blast_furnace":1,"minecraft:crafting_table":19,"cobblemon:yellow_apricorn_seed":3,"cobblemon:white_apricorn_seed":2,"waystones:waystone":5,"minecraft:flower_pot":1,"minecraft:diamond_pickaxe":518,"minecraft:iron_pickaxe":263,"cobblemon:red_apricorn_seed":1,"minecraft:diamond_sword":50,"minecraft:potion":3,"minecraft:cobblestone":20,"minecraft:bucket":65,"cobblemon:blue_apricorn_seed":2,"minecraft:experience_bottle":4},"minecraft:dropped":{"minecraft:enchanted_book":2,"minecraft:dark_oak_stairs":4,"minecraft:wheat_seeds":4,"minecraft:oak_log":1,"minecraft:tnt":1,"minecraft:glass_bottle":7,"minecraft:dripstone_block":2,"cobblemon:custap_berry":2,"minecraft:yellow_terracotta":65,"minecraft:feather":4,"minecraft:cobblestone":22,"cobblemon:persim_berry":2,"minecraft:amethyst_block":5,"minecraft:granite":6,"minecraft:iron_horse_armor":3,"minecraft:coal":1,"cobblemon:oran_berry":7,"minecraft:stick":5,"minecraft:dirt":4,"minecraft:dark_oak_log":9,"cobblecuisine:bean_seeds":29,"minecraft:diorite":17,"minecraft:ink_sac":1,"minecraft:repeater":1,"minecraft:potion":2,"minecraft:black_concrete":19,"minecraft:dark_oak_planks":11,"minecraft:dandelion":2,"minecraft:smooth_basalt":3,"minecraft:gravel":2,"cobblemon:wepear_berry":4,"minecraft:sweet_berries":2,"minecraft:sugar_cane":1,"minecraft:cobbled_deepslate":372,"minecraft:tuff":36,"minecraft:pointed_dripstone":15,"minecraft:black_terracotta":13,"minecraft:rotten_flesh":24,"minecraft:red_terracotta":64,"minecraft:cut_red_sandstone":2,"minecraft:black_concrete_powder":1,"cobblemon:rawst_berry":6,"minecraft:orange_terracotta":64,"minecraft:popped_chorus_fruit":1,"minecraft:oak_sapling":1,"cobblemon:kasib_berry":4,"minecraft:redstone_torch":1,"minecraft:stone_bricks":3,"minecraft:painting":1,"minecraft:arrow":8,"minecraft:stone_pickaxe":1,"minecraft:wooden_pickaxe":2,"minecraft:calcite":6,"minecraft:brick":10,"minecraft:terracotta":4},"minecraft:broken":{"minecraft:iron_pickaxe":1},"minecraft:crafted":{"cobblemon:exp_share":6,"minecraft:oak_planks":56,"lumymon:kanto_cartography_table":1,"minecraft:furnace":1,"cobblemon:premier_ball":8,"minecraft:iron_boots":1,"minecraft:stone_pickaxe":1,"cobblemon:azure_ball":24,"sophisticatedbackpacks:iron_backpack":1,"minecraft:diamond_sword":1,"minecraft:crafting_table":7,"minecraft:wooden_pickaxe":1,"minecraft:iron_helmet":6,"sophisticatedbackpacks:gold_backpack":2,"minecraft:copper_ingot":18,"minecraft:bucket":1,"minecraft:air":0,"cobblemon:poke_ball":24,"cobblemon:quick_ball":48,"minecraft:yellow_dye":1,"minecraft:diamond_pickaxe":1,"minecraft:iron_chestplate":1,"minecraft:paper":6,"sophisticatedbackpacks:diamond_backpack":1,"minecraft:stick":12,"minecraft:iron_ingot":50,"minecraft:iron_pickaxe":2,"minecraft:gold_ingot":22,"cobblemon:ultra_ball":16},"minecraft:picked_up":{"cobblemon:x_special_defence":3,"cobblemon:remedy":6,"minecraft:crafting_table":14,"cobblemon:ganlon_berry":2,"minecraft:ladder":1,"minecraft:flower_pot":1,"cobblemon:pomeg_berry":2,"cobblemon:yellow_apricorn":32,"cobblemon:red_apricorn":25,"minecraft:wooden_pickaxe":1,"cobblemon:sport_ball":1,"minecraft:gold_block":2,"cobblemon:charti_berry":1,"minecraft:potion":4,"minecraft:enchanted_book":2,"minecraft:gilded_blackstone":1,"minecraft:amethyst_block":5,"minecraft:brick":10,"cobblemon:wepear_berry":4,"minecraft:string":64,"minecraft:raw_copper":99,"cobblemon:white_apricorn":20,"cobblemon:roseli_berry":4,"minecraft:red_sand":6,"minecraft:cobbled_deepslate":404,"cobblemon:green_apricorn":7,"cobblemon:mago_berry":4,"cobblemon:white_apricorn_seed":5,"cobblemon:oran_berry":16,"cobblemon:relic_coin":65,"minecraft:redstone_torch":1,"minecraft:calcite":6,"minecraft:iron_nugget":1,"minecraft:enchanted_golden_apple":1,"cobblemon:big_root":4,"cobblemon:quick_ball":7,"minecraft:sugar_cane":7,"minecraft:chest":3,"minecraft:furnace":9,"minecraft:stick":5,"minecraft:raw_iron":52,"cobblemon:net_ball":2,"cobblecuisine:bean_seeds":29,"cobblemon:rawst_berry":6,"minecraft:pointed_dripstone":15,"minecraft:diorite":17,"cobblemon:citrine_ball":8,"minecraft:redstone":36,"minecraft:iron_horse_armor":4,"minecraft:dark_oak_planks":64,"cobblemon:maranga_berry":2,"minecraft:tnt":3,"minecraft:arrow":8,"minecraft:rotten_flesh":24,"tmcraft:tm_bubblebeam":1,"minecraft:cyan_terracotta":1,"mega_showdown:poison_tera_shard":1,"minecraft:yellow_terracotta":128,"minecraft:gold_ingot":2,"cobblemon:repeat_ball":3,"cobblemon:friend_ball":2,"minecraft:glow_berries":1,"cobblemon:verdant_ball":15,"cobblemon:blue_apricorn":48,"minecraft:white_wool":60,"minecraft:cobblestone":54,"minecraft:dune_armor_trim_smithing_template":2,"minecraft:feather":4,"cobblemon:great_ball":1,"cobblemon:ultra_ball":5,"minecraft:repeater":1,"minecraft:tripwire_hook":1,"cobblenav:pokenav_item_base":1,"minecraft:jungle_fence":1,"cobblemon:slate_ball":4,"waystones:sandy_waystone":1,"cobblemon:razz_berry":3,"minecraft:torchflower":1,"badgebox:badgesbox_ribbon":1,"cobblemon:custap_berry":3,"minecraft:tuff":48,"cobblemon:bluk_berry":4,"minecraft:oak_log":15,"minecraft:yellow_bed":1,"minecraft:gunpowder":20,"minecraft:lapis_lazuli":46,"minecraft:dirt":8,"minecraft:lantern":5,"minecraft:orange_terracotta":64,"minecraft:bone":10,"minecraft:stone_bricks":3,"minecraft:red_sandstone":1,"cobblemon:black_apricorn":2,"minecraft:wheat_seeds":4,"cobblemon:petaya_berry":7,"minecraft:raw_gold":29,"minecraft:turtle_scute":1,"minecraft:iron_ingot":10,"cobbleversebadges:kanto_cascade_badge":1,"minecraft:glass_bottle":4,"cobblemon:moon_stone":1,"minecraft:oak_planks":35,"minecraft:dark_oak_stairs":4,"cobblemon:sun_stone":3,"cobblemon:azure_ball":31,"cobblemon:red_apricorn_seed":3,"cobblemon:figy_berry":1,"minecraft:smooth_basalt":3,"cobblemon:kasib_berry":4,"minecraft:black_terracotta":13,"mega_showdown:normal_tera_shard":2,"minecraft:sweet_berries":2,"cobblemon:x_speed":1,"cobblemon:black_apricorn_seed":1,"cobblemon:fast_ball":1,"minecraft:dandelion":3,"minecraft:gravel":2,"cobblemon:blue_apricorn_seed":2,"minecraft:dripstone_block":2,"cobblemon:cheri_berry":2,"cobblemon:premier_ball":8,"cobblemon:yellow_apricorn_seed":2,"minecraft:amethyst_shard":28,"minecraft:spider_eye":2,"minecraft:fermented_spider_eye":1,"cobblemon:persim_berry":8,"minecraft:blast_furnace":2,"minecraft:ink_sac":1,"minecraft:dark_oak_log":9,"minecraft:red_terracotta":130,"cobblemon:watmel_berry":3,"minecraft:cut_red_sandstone":4,"minecraft:black_concrete_powder":1,"minecraft:black_concrete":19,"cobblemon:x_accuracy":2,"minecraft:diamond":11,"cobblemon:poke_ball":21,"cobbleversebadges:kanto_boulder_badge":1,"waystones:waystone":10,"minecraft:granite":6,"minecraft:painting":1,"minecraft:golden_apple":2,"minecraft:emerald":5,"minecraft:dark_oak_wood":86,"minecraft:terracotta":4,"mega_showdown:water_tera_shard":1,"minecraft:oak_sapling":2,"tmcraft:tm_rocktomb":1,"minecraft:coal":92,"minecraft:ender_pearl":1},"minecraft:custom":{"minecraft:interact_with_crafting_table":63,"minecraft:open_barrel":95,"minecraft:bell_ring":11,"minecraft:leave_game":5,"minecraft:time_since_death":505391,"minecraft:climb_one_cm":6703,"minecraft:sprint_one_cm":1125496,"minecraft:walk_one_cm":617607,"minecraft:drop":118,"minecraft:talked_to_villager":12,"minecraft:play_time":505391,"minecraft:sneak_time":19320,"minecraft:walk_under_water_one_cm":51903,"minecraft:boat_one_cm":64727,"minecraft:jump":8732,"minecraft:interact_with_blast_furnace":4,"minecraft:walk_on_water_one_cm":82397,"minecraft:total_world_time":505391,"minecraft:interact_with_furnace":60,"minecraft:interact_with_loom":1,"minecraft:interact_with_stonecutter":1,"minecraft:sleep_in_bed":3,"minecraft:time_since_rest":250969,"minecraft:waystone_activated":7,"minecraft:damage_taken":6059,"minecraft:trigger_trapped_chest":6,"minecraft:damage_dealt":1729,"minecraft:swim_one_cm":158363,"minecraft:fly_one_cm":1893814,"minecraft:open_chest":36,"minecraft:crouch_one_cm":47533,"minecraft:interact_with_smoker":1,"minecraft:inspect_dispenser":8,"minecraft:fall_one_cm":262034},"minecraft:mined":{"minecraft:yellow_terracotta":64,"minecraft:large_amethyst_bud":5,"minecraft:tuff":48,"minecraft:deepslate_diamond_ore":11,"minecraft:black_terracotta":1,"cobblemon:pc":1,"cobblemon:big_root":2,"minecraft:budding_amethyst":2,"minecraft:ladder":1,"minecraft:granite":2,"minecraft:red_sand":6,"minecraft:grass_block":6,"minecraft:decorated_pot":5,"minecraft:gilded_blackstone":1,"minecraft:smooth_stone":1,"minecraft:furnace":9,"minecraft:red_sandstone":1,"minecraft:iron_ore":37,"minecraft:cobbled_deepslate":1,"minecraft:potted_torchflower":1,"minecraft:black_concrete":1,"minecraft:deepslate_lapis_ore":4,"minecraft:gold_block":2,"minecraft:white_glazed_terracotta":1,"minecraft:pointed_dripstone":5,"minecraft:deepslate_iron_ore":15,"cobblemon:yellow_apricorn":1,"cobblemon:terracotta_sun_stone_ore":1,"minecraft:lantern":5,"minecraft:packed_ice":1,"minecraft:stone":41,"minecraft:white_wool":60,"minecraft:deepslate_redstone_ore":5,"minecraft:cyan_terracotta":1,"minecraft:medium_amethyst_bud":1,"minecraft:amethyst_cluster":7,"minecraft:orange_terracotta":66,"minecraft:dandelion":1,"minecraft:powder_snow":1,"minecraft:crafting_table":14,"cobblemon:apricorn_leaves":3,"minecraft:short_grass":53,"minecraft:blast_furnace":2,"minecraft:calcite":7,"minecraft:dead_bush":5,"minecraft:tall_grass":12,"minecraft:copper_ore":18,"minecraft:cobblestone":5,"minecraft:lapis_ore":3,"minecraft:deepslate_gold_ore":27,"minecraft:oak_planks":3,"minecraft:sugar_cane":3,"cobblemon:oran_berry":1,"cobblemon:dripstone_moon_stone_ore":1,"minecraft:diorite":2,"minecraft:amethyst_block":6,"minecraft:black_concrete_powder":2,"minecraft:red_terracotta":68,"minecraft:sweet_berry_bush":2,"minecraft:birch_leaves":5,"minecraft:jungle_fence":1,"minecraft:tnt":5,"minecraft:yellow_bed":1,"minecraft:coal_ore":33,"minecraft:oak_log":14,"minecraft:sand":1,"minecraft:gravel":25,"minecraft:dirt":1,"minecraft:dripstone_block":1,"minecraft:cobweb":49,"minecraft:smooth_basalt":3,"minecraft:terracotta":4,"cobblemon:sun_stone_ore":2,"minecraft:cut_red_sandstone":7,"minecraft:stone_bricks":1,"minecraft:oak_leaves":29,"minecraft:deepslate":268,"minecraft:fern":1}},"DataVersion":3955}