{"stats":{"minecraft:used":{"cobblemon:vivichoke_dip":1,"minecraft:stone":1,"minecraft:tuff":10,"minecraft:stone_bricks":5,"minecraft:furnace":7,"minecraft:oak_sapling":2,"minecraft:mossy_stone_bricks":3,"minecraft:oak_planks":6,"minecraft:stone_pickaxe":134,"minecraft:wooden_pickaxe":5,"minecraft:sand":3,"minecraft:dripstone_block":6,"waystones:waystone":5,"minecraft:oak_boat":9,"minecraft:experience_bottle":1,"minecraft:white_tulip":1,"minecraft:torch":52,"minecraft:dirt":6,"minecraft:iron_axe":50,"minecraft:smooth_basalt":5,"minecraft:cobbled_deepslate":16,"minecraft:pointed_dripstone":2,"minecraft:water_bucket":53,"minecraft:cracked_stone_bricks":1,"minecraft:crafting_table":20,"minecraft:diamond_pickaxe":276,"minecraft:cornflower":1,"minecraft:iron_pickaxe":243,"waystones:mossy_waystone":5,"minecraft:stone_axe":25,"minecraft:chiseled_stone_bricks":2,"minecraft:cobblestone":102,"minecraft:potion":2,"minecraft:bucket":54,"minecraft:smooth_stone":10},"minecraft:dropped":{"cobblemon:bright_powder":1,"cobblemon:electirizer":1,"minecraft:porkchop":1,"cobblemon:apicot_berry":3,"cobblemon:pink_mint_seeds":3,"cobblemon:vivichoke_dip":1,"cobblemon:red_apricorn_seed":3,"cobblemon:blue_apricorn":22,"minecraft:glass_bottle":4,"cobblemon:charcoal_stick":1,"cobblemon:custap_berry":2,"cobblemon:blue_mint_seeds":3,"cobblemon:ice_heal":3,"cobblemon:cornn_berry":4,"cobblemon:superb_remedy":1,"cobblemon:persim_berry":20,"cobblemon:verdant_ball":5,"cobblemon:moon_stone":3,"minecraft:rail":1,"cobblemon:revive":3,"cobblemon:link_cable":2,"cobblemon:psychic_gem":1,"cobblemon:choice_band":1,"cobblecuisine:bean_seeds":13,"cobblemon:yache_berry":3,"cobblemon:slate_ball":1,"cobblemon:white_apricorn":6,"minecraft:cornflower":1,"minecraft:mutton":3,"minecraft:iron_pickaxe":2,"cobblemon:blue_apricorn_seed":2,"minecraft:white_wool":2,"cobblemon:red_mint_seeds":4,"cobblemon:red_apricorn":56,"cobblemon:ultra_ball":3,"cobblemon:hopo_berry":1,"minecraft:stone_axe":1,"minecraft:iron_nugget":1,"minecraft:cobbled_deepslate":1,"cobblemon:pink_mint_leaf":5,"minecraft:pointed_dripstone":1,"cobblemon:cheri_berry":3,"cobblemon:black_apricorn":2,"cobblemon:moon_ball":2,"cobblemon:white_mint_leaf":3,"cobblemon:babiri_berry":2,"cobblemon:white_apricorn_seed":2,"cobblenav:pokenav_item_base":1,"cobblemon:medicinal_brew":1,"cobblemon:kee_berry":3,"cobblemon:braised_vivichoke":1,"cobblemon:suspicious_sherd":1,"cobblemon:citrine_ball":4,"cobblemon:lansat_berry":3,"minecraft:iron_ingot":7,"minecraft:bread":2,"cobblemon:cyan_mint_leaf":2,"minecraft:wheat_seeds":9,"cobblemon:destiny_knot":3,"cobblemon:green_apricorn_seed":2,"cobblemon:potion":4,"cobblemon:roseate_ball":3,"cobblemon:poke_rod":1,"cobblemon:oran_berry":33,"minecraft:ink_sac":1,"cobblemon:white_mint_seeds":1,"cobblemon:exp_candy_s":2,"minecraft:rabbit":1,"cobblemon:paralyze_heal":2,"waystones:mossy_waystone":2,"cobblemon:petaya_berry":1,"cobblemon:mago_berry":2,"cobblemon:wepear_berry":8,"cobblemon:exp_candy_m":1,"minecraft:raw_copper":1,"cobblemon:azure_ball":2,"cobblemon:air_balloon":1,"minecraft:chicken":8,"cobblemon:yellow_apricorn":6,"cobblemon:quick_ball":5,"cobblemon:premier_ball":2,"cobblemon:loaded_dice":2,"cobblemon:magost_berry":2,"minecraft:filled_map":1,"cobblemon:lure_ball":2,"cobblemon:eject_button":1,"cobblemon:remedy":1,"cobblemon:salac_berry":3,"minecraft:oak_sapling":1,"cobblemon:maranga_berry":2,"cobblemon:liechi_berry":2,"cobblemon:red_mint_leaf":5,"minecraft:stone_pickaxe":1,"minecraft:wooden_pickaxe":3,"minecraft:calcite":3,"cobblemon:eviolite":1,"cobblemon:ganlon_berry":2,"cobblemon:rabuta_berry":4},"minecraft:broken":{"minecraft:golden_helmet":1},"minecraft:crafted":{"minecraft:oak_planks":64,"minecraft:stone":1,"cobblemon:magnet":1,"sophisticatedbackpacks:backpack":1,"minecraft:crafting_table":3,"minecraft:wooden_pickaxe":1,"minecraft:copper_ingot":5,"cobblemon:poke_ball":4,"minecraft:iron_chestplate":1,"minecraft:diamond_pickaxe":1,"minecraft:stick":16,"minecraft:iron_ingot":51,"minecraft:iron_pickaxe":1,"minecraft:gold_ingot":36,"cobblemon:mystic_water":1,"minecraft:furnace":2,"minecraft:iron_axe":1,"minecraft:stone_pickaxe":1,"minecraft:filled_map":3,"carved_wood:oak_chest":1,"sophisticatedbackpacks:iron_backpack":2,"sophisticatedbackpacks:gold_backpack":3,"minecraft:bucket":1,"cobblemon:roseate_ball":4,"minecraft:stone_axe":1,"minecraft:air":0,"minecraft:blue_dye":1,"minecraft:oak_boat":1,"minecraft:torch":16,"cobblemon:ultra_ball":4,"cobblemon:great_ball":8},"minecraft:picked_up":{"cobblemon:jaboca_berry":5,"cobblemon:remedy":1,"cobblemon:ganlon_berry":10,"minecraft:suspicious_stew":1,"minecraft:stone_slab":2,"cobblemon:red_apricorn":91,"cobblemon:charti_berry":9,"minecraft:potion":2,"lumymon:kanto_cartography_table":1,"cobblemon:tamato_berry":3,"minecraft:amethyst_block":7,"cobblemon:wepear_berry":19,"cobblemon:occa_berry":10,"minecraft:raw_copper":22,"mega_showdown:grass_tera_shard":2,"mega_showdown:bug_tera_shard":2,"cobblemon:exp_candy_m":1,"cobblemon:ice_heal":3,"minecraft:cobbled_deepslate":18,"minecraft:smooth_stone":12,"cobblemon:braised_vivichoke":1,"cobblemon:exp_candy_s":2,"cobblemon:white_apricorn_seed":5,"minecraft:white_tulip":1,"cobblemon:oran_berry":67,"minecraft:calcite":3,"cobblemon:big_root":1,"minecraft:iron_pickaxe":1,"cobblemon:quick_ball":6,"cobblemon:cyan_mint_leaf":4,"cobblemon:red_mint_leaf":13,"minecraft:furnace":6,"mega_showdown:electric_tera_shard":1,"minecraft:stick":3,"cobblemon:babiri_berry":4,"cobblemon:eject_button":1,"minecraft:torch":25,"minecraft:porkchop":1,"cobblemon:nanab_berry":23,"cobblemon:dive_ball":1,"cobblemon:white_mint_seeds":5,"minecraft:pointed_dripstone":8,"minecraft:diorite":3,"cobblemon:suspicious_sherd":1,"cobblemon:maranga_berry":9,"minecraft:honey_bottle":3,"tmcraft:tm_bubblebeam":1,"cobblemon:green_mint_seeds":3,"cobblemon:verdant_ball":5,"cobblemon:belue_berry":5,"minecraft:cobblestone":227,"cobblemon:apicot_berry":8,"cobblemon:ultra_ball":6,"cobblemon:great_ball":14,"minecraft:feather":5,"minecraft:andesite":1,"cobblemon:pinap_berry":5,"cobblemon:electirizer":1,"cobblemon:roseate_ball":3,"cobblemon:sitrus_berry":2,"cobblemon:bluk_berry":17,"cobblemon:custap_berry":8,"minecraft:tuff":10,"tmcraft:tm_scald":1,"minecraft:lapis_lazuli":44,"minecraft:dirt":9,"cobblemon:eviolite":1,"cobblemon:superb_remedy":1,"cobblemon:passho_berry":3,"minecraft:bone":4,"cobblemon:colbur_berry":2,"cobblemon:moon_ball":4,"minecraft:wheat_seeds":9,"cobblemon:black_apricorn":3,"cobblemon:petaya_berry":5,"minecraft:raw_gold":29,"cobblemon:potion":4,"minecraft:mossy_stone_bricks":3,"minecraft:rabbit":1,"minecraft:bamboo":26,"cobblemon:moon_stone":6,"minecraft:oak_planks":1,"minecraft:honeycomb":1,"cobblemon:sun_stone":3,"cobblemon:kasib_berry":2,"mega_showdown:normal_tera_shard":3,"cobblemon:pecha_berry":6,"minecraft:sand":3,"cobblemon:persim_berry":51,"minecraft:ink_sac":1,"cobblemon:vivichoke":2,"cobblemon:aspear_berry":15,"cobblemon:leppa_berry":4,"cobblemon:shuca_berry":13,"cobblemon:red_mint_seeds":11,"cobblemon:loaded_dice":2,"minecraft:diamond":17,"cobblemon:poke_ball":16,"cobbleversebadges:kanto_boulder_badge":1,"waystones:waystone":5,"cobblemon:iapapa_berry":3,"cobblemon:rindo_berry":7,"minecraft:oak_sapling":5,"cobblemon:medicinal_leek":10,"cobblemon:chesto_berry":1,"cobblemon:salac_berry":6,"tmcraft:tm_rocktomb":1,"cobblemon:green_mint_leaf":9,"cobblemon:lansat_berry":6,"cobblemon:mental_herb":1,"minecraft:crafting_table":18,"cobblemon:charcoal_stick":1,"minecraft:chicken":8,"cobblemon:pomeg_berry":2,"cobblemon:blue_mint_leaf":3,"cobblemon:yellow_apricorn":14,"minecraft:wooden_pickaxe":2,"minecraft:gold_block":4,"cobblemon:liechi_berry":4,"cobblemon:cyan_mint_seeds":3,"minecraft:cornflower":2,"minecraft:red_bed":1,"cobblemon:revival_herb":6,"cobblemon:white_mint_leaf":9,"cobblemon:white_apricorn":17,"cobblemon:pamtre_berry":3,"cobblemon:link_cable":2,"minecraft:cracked_stone_bricks":2,"cobblemon:roseli_berry":4,"cobblemon:green_apricorn":4,"cobblemon:mago_berry":4,"minecraft:music_disc_otherside":1,"cobblemon:rabuta_berry":8,"minecraft:oak_boat":8,"minecraft:iron_nugget":1,"cobblemon:pep_up_flower":2,"minecraft:sugar_cane":44,"cobblemon:green_apricorn_seed":3,"minecraft:raw_iron":114,"cobblemon:yache_berry":10,"cobblemon:psychic_gem":1,"cobblemon:leek_and_potato_stew":1,"cobblecuisine:bean_seeds":17,"minecraft:copper_ingot":2,"cobblemon:choice_band":1,"cobblemon:hopo_berry":5,"cobblemon:rawst_berry":3,"cobblemon:citrine_ball":4,"minecraft:redstone":79,"mega_showdown:stellar_tera_shard":1,"cobblemon:poke_rod":1,"cobblemon:blue_mint_seeds":8,"cobblemon:destiny_knot":3,"cobblemon:pink_mint_leaf":10,"cobblemon:revive":3,"mega_showdown:poison_tera_shard":1,"cobblemon:touga_berry":8,"cobblemon:kee_berry":10,"mega_showdown:fire_tera_shard":1,"cobblemon:air_balloon":1,"minecraft:rail":1,"minecraft:mutton":3,"cobblemon:bright_powder":1,"cobblemon:tanga_berry":1,"cobblemon:blue_apricorn":29,"minecraft:white_wool":2,"cobblemon:kelpsy_berry":6,"cobblemon:qualot_berry":3,"minecraft:leather":1,"cobblemon:kebia_berry":2,"cobblemon:lure_ball":3,"badgebox:badgesbox_ribbon":1,"cobblemon:slate_ball":7,"minecraft:oak_log":16,"cobblemon:medicinal_brew":1,"minecraft:gunpowder":1,"cobblemon:pink_apricorn_seed":3,"cobblemon:paralyze_heal":2,"minecraft:stone_bricks":8,"minecraft:apple":1,"minecraft:iron_ingot":1,"minecraft:rabbit_hide":1,"cobblemon:pink_mint_seeds":6,"cobbleversebadges:kanto_cascade_badge":1,"cobblemon:coba_berry":11,"minecraft:glass_bottle":1,"cobblemon:chilan_berry":6,"cobblemon:red_apricorn_seed":7,"cobblemon:azure_ball":3,"minecraft:smooth_basalt":5,"minecraft:pumpkin":1,"minecraft:chiseled_stone_bricks":2,"cobblemon:payapa_berry":3,"waystones:mossy_waystone":9,"cobblemon:blue_apricorn_seed":4,"minecraft:dripstone_block":8,"cobblemon:grepa_berry":2,"cobblemon:cheri_berry":17,"cobblemon:premier_ball":2,"cobblemon:cornn_berry":8,"cobblemon:wiki_berry":12,"minecraft:amethyst_shard":76,"cobblemon:pink_apricorn":13,"cobblemon:watmel_berry":2,"cobblemon:haban_berry":2,"cobblemon:sticky_barb":1,"cobblemon:rowap_berry":4,"cobblemon:magost_berry":4,"cobblemon:vivichoke_dip":1,"minecraft:terracotta":1,"cobblemon:water_stone":1,"minecraft:coal":195},"minecraft:custom":{"minecraft:interact_with_crafting_table":36,"minecraft:open_barrel":63,"minecraft:bell_ring":13,"minecraft:leave_game":8,"minecraft:time_since_death":687759,"minecraft:sprint_one_cm":1192796,"minecraft:drop":135,"minecraft:talked_to_villager":11,"minecraft:play_time":687759,"minecraft:jump":9267,"minecraft:walk_on_water_one_cm":51165,"minecraft:interact_with_furnace":31,"minecraft:play_record":1,"minecraft:traded_with_villager":3,"minecraft:waystone_activated":12,"minecraft:damage_dealt":1228,"minecraft:crouch_one_cm":32063,"minecraft:climb_one_cm":3461,"minecraft:walk_one_cm":1144265,"minecraft:sneak_time":11480,"minecraft:walk_under_water_one_cm":45289,"minecraft:boat_one_cm":195994,"minecraft:total_world_time":687759,"minecraft:interact_with_stonecutter":5,"minecraft:time_since_rest":687759,"minecraft:damage_taken":3720,"minecraft:swim_one_cm":68691,"minecraft:fly_one_cm":2245702,"minecraft:open_chest":78,"minecraft:fall_one_cm":267751},"minecraft:mined":{"minecraft:large_amethyst_bud":1,"cobblemon:deepslate_water_stone_ore":1,"minecraft:grass_block":5,"minecraft:chiseled_stone_bricks":2,"minecraft:smooth_stone":11,"minecraft:iron_ore":57,"minecraft:cobbled_deepslate":1,"minecraft:deepslate_lapis_ore":8,"cobblemon:medicinal_leek":9,"minecraft:pointed_dripstone":4,"cobblemon:vivichoke_seeds":2,"minecraft:deepslate_redstone_ore":7,"minecraft:cyan_terracotta":1,"minecraft:red_bed":1,"cobblemon:revival_herb":2,"minecraft:amethyst_cluster":19,"minecraft:powder_snow":5,"cobblemon:blue_mint":6,"minecraft:torch":15,"minecraft:calcite":3,"minecraft:dead_bush":4,"minecraft:cobblestone":24,"minecraft:oak_planks":1,"minecraft:sugar_cane":15,"cobblemon:dripstone_moon_stone_ore":3,"minecraft:wall_torch":9,"minecraft:amethyst_block":7,"minecraft:seagrass":1,"cobblemon:red_mint":7,"cobblemon:green_mint":3,"minecraft:infested_mossy_stone_bricks":3,"minecraft:oak_log":16,"cobblemon:white_mint":4,"minecraft:sand":2,"minecraft:dirt":4,"minecraft:infested_cracked_stone_bricks":2,"minecraft:smooth_basalt":5,"minecraft:oak_leaves":41,"minecraft:deepslate":18,"minecraft:tuff":10,"minecraft:deepslate_diamond_ore":17,"minecraft:redstone_ore":11,"minecraft:furnace":6,"cobblemon:pink_mint":3,"minecraft:andesite":1,"minecraft:gold_block":4,"minecraft:deepslate_iron_ore":23,"minecraft:vine":1,"minecraft:rail":1,"cobblemon:terracotta_sun_stone_ore":2,"minecraft:bamboo":2,"minecraft:stone":195,"minecraft:crafting_table":18,"minecraft:cornflower":1,"minecraft:short_grass":59,"minecraft:stone_slab":2,"minecraft:copper_ore":4,"minecraft:tall_grass":16,"cobblemon:cyan_mint":2,"minecraft:deepslate_gold_ore":19,"minecraft:diorite":3,"minecraft:birch_leaves":3,"minecraft:coal_ore":99,"minecraft:dripstone_block":8,"minecraft:cracked_stone_bricks":2,"cobblemon:sun_stone_ore":1,"minecraft:stone_bricks":9,"minecraft:gold_ore":10,"minecraft:mossy_stone_bricks":3,"minecraft:fern":1,"lumymon:kanto_cartography_table":1}},"DataVersion":3955}