{
  "uuid": "c18ad33c-b77b-30ec-9aa6-68e3cd55f8a0",
  "starterPrompted": true,
  "starterLocked": false,
  "starterSelected": true,
  "starterUUID": "b85b98a0-7b34-4b49-9815-e7ee33d8d368",
  "keyItems": [],
  "battleTheme": "cobblemon:battle.pvp.default",
  "extraData": {},
  "advancementData": {
    "totalCaptureCount": 31,
    "totalEggsCollected": 0,
    "totalEggsHatched": 0,
    "totalEvolvedCount": 6,
    "totalBattleVictoryCount": 139,
    "totalPvPBattleVictoryCount": 0,
    "totalPvWBattleVictoryCount": 106,
    "totalPvNBattleVictoryCount": 33,
    "totalShinyCaptureCount": 2,
    "totalTradedCount": 2,
    "totalTypeCaptureCounts": {
      "water": 3,
      "electric": 6,
      "normal": 9,
      "grass": 6,
      "ghost": 2,
      "poison": 2,
      "fire": 3,
      "fighting": 2,
      "dragon": 2,
      "bug": 1,
      "ground": 4
    },
    "totalDefeatedCounts": {
      "cobblemon:lechonk": 2,
      "cobblemon:hoppip": 4,
      "cobblemon:pidgey": 2,
      "cobblemon:combee": 6,
      "cobblemon:weedle": 1,
      "cobblemon:flaaffy": 1,
      "cobblemon:smoliv": 4,
      "cobblemon:skitty": 3,
      "cobblemon:electrike": 2,
      "cobblemon:jigglypuff": 1,
      "cobblemon:ledyba": 5,
      "cobblemon:pidgeotto": 1,
      "cobblemon:taillow": 8,
      "cobblemon:bunnelby": 1,
      "cobblemon:volbeat": 2,
      "cobblemon:houndour": 4,
      "cobblemon:dolliv": 1,
      "cobblemon:slowpoke": 1,
      "cobblemon:mudbray": 2,
      "cobblemon:maushold": 1,
      "cobblemon:patrat": 1,
      "cobblemon:corphish": 1,
      "cobblemon:gloom": 1,
      "cobblemon:rattata": 1,
      "cobblemon:drowzee": 1,
      "cobblemon:pichu": 1,
      "cobblemon:rowlet": 1,
      "cobblemon:drilbur": 3,
      "cobblemon:spearow": 1,
      "cobblemon:natu": 1,
      "cobblemon:scraggy": 1,
      "cobblemon:drapion": 1,
      "cobblemon:nymble": 3,
      "cobblemon:numel": 1,
      "cobblemon:cacnea": 1,
      "cobblemon:rufflet": 1,
      "cobblemon:snubbull": 1,
      "cobblemon:arcanine": 1,
      "cobblemon:sandshrew": 1,
      "cobblemon:dwebble": 1,
      "cobblemon:rhydon": 1,
      "cobblemon:bellibolt": 1
    },
    "aspectsCollected": {
      "cobblemon:poliwag": [
        "female"
      ],
      "cobblemon:pichu": [
        "female"
      ],
      "cobblemon:chewtle": [
        "female"
      ],
      "cobblemon:sawsbuck": [
        "female",
        "spring",
        "summer",
        "autumn"
      ],
      "cobblemon:deerling": [
        "male",
        "summer"
      ],
      "cobblemon:haunter": [
        "male"
      ],
      "cobblemon:arcanine": [
        "female"
      ],
      "cobblemon:magikarp": [
        "male",
        "gyarados-eye-color-purple"
      ],
      "cobblemon:eevee": [
        "male"
      ],
      "cobblemon:charmeleon": [
        "male"
      ],
      "cobblemon:torchic": [
        "female"
      ],
      "cobblemon:combusken": [
        "female"
      ],
      "cobblemon:gyarados": [
        "male",
        "gyarados-eye-color-purple"
      ],
      "cobblemon:smoliv": [
        "female"
      ],
      "cobblemon:elekid": [
        "male"
      ],
      "cobblemon:delcatty": [
        "female"
      ],
      "cobblemon:audino": [
        "male"
      ],
      "cobblemon:dolliv": [
        "female"
      ],
      "cobblemon:manectric": [
        "shiny",
        "female"
      ],
      "cobblemon:pikachu": [
        "female",
        "cosplay"
      ],
      "cobblemon:machoke": [
        "male"
      ],
      "cobblemon:sentret": [
        "shiny",
        "female"
      ],
      "cobblemon:farfetchd": [
        "female",
        "galarian"
      ],
      "cobblemon:dreepy": [
        "male"
      ],
      "cobblemon:bulbasaur": [
        "male"
      ],
      "cobblemon:ivysaur": [
        "male"
      ],
      "cobblemon:simisage": [
        "male"
      ],
      "cobblemon:charjabug": [
        "female"
      ],
      "cobblemon:sandslash": [
        "male"
      ],
      "cobblemon:growlithe": [
        "male"
      ],
      "cobblemon:drilbur": [
        "female",
        "male"
      ],
      "cobblemon:gible": [
        "female"
      ],
      "cobblemon:venusaur": [
        "male"
      ]
    }
  }
}